account_id,account_name,domain,region,segment,industry,parent_account_id,parent_account_name,root_account_id,root_account_name,hierarchy_depth,arr_usd,next_contract_event_date,days_to_contract_event,jan_feb_monthly_events,apr_jun_monthly_events,usage_ratio_post_vs_pre,apr_jun_monthly_users,latest_health_month,health_score,renewal_risk,open_tickets,csm_user_id,targeted_reengagement_candidate
A1098,Inlet Custody SA,inletcustody.example.com,AMER,,Payments,,,A1098,Inlet Custody SA,0,704941.4099999999,2026-10-20,112,152.0,124.33333333333333,0.8179824561403508,5.0,2026-06-01,58.7,Medium,1,U302,0
A1099,Ardent Digital Ltd,ardentdigital.example.com,AMER,Public Sector,Government,,,A1099,Ardent Digital Ltd,0,668851.1564881,2026-11-03,126,504.0,459.0,0.9107142857142857,9.0,2026-06-01,56.1,Medium,1,U300,0
A1011,Umbra Partners PLC,umbrapartners.example.com,AMER,Enterprise,Fintech,,,A1011,Umbra Partners PLC,0,668742.2990819999,2026-12-02,155,209.0,197.66666666666666,0.945773524720893,8.0,2026-06-01,80.4,Low,1,U304,0
A1166,Kestrel Bancorp Inc,kestrelbancorp.example.com,AMER,Public Sector,Consulting,,,A1166,Kestrel Bancorp Inc,0,657114.1606036,2027-03-25,268,71.5,62.666666666666664,0.8764568764568764,4.0,2026-06-01,72.7,Low,2,U300,0
A1114,Zenith Ventures Inc,zenithventures.example.com,AMER,Enterprise,Crypto Native,,,A1114,Zenith Ventures Inc,0,614775.26,2027-04-04,278,153.5,165.66666666666666,1.0792616720955484,1.0,2026-06-01,77.3,Low,0,U305,0
A1111,Inlet Securities GmbH,inletsecurities.example.com,AMER,Enterprise,Crypto Native,,,A1111,Inlet Securities GmbH,0,536357.8804741,2026-07-01,1,41.0,47.0,1.146341463414634,6.0,2026-06-01,90.2,Low,2,U305,0
A1352,Ardent Group GmbH,ardentgroup.example.com,APAC,,Fintech,,,A1352,Ardent Group GmbH,0,527567.3801676,2026-10-28,120,193.0,235.33333333333334,1.2193436960276338,11.0,2026-06-01,35.7,High,3,U302,0
A1130,Stanhope Capital SA,stanhopecapital.example.com,EMEA,Public Sector,Fintech,,,A1130,Stanhope Capital SA,0,521712.59,2027-03-07,250,28.5,33.666666666666664,1.1812865497076022,4.0,2026-06-01,81.0,Low,1,U301,0
A1375,Redmond Ventures PLC,redmondventures.example.com,AMER,Enterprise,Insurance,,,A1375,Redmond Ventures PLC,0,489701.14781094994,2026-09-21,83,424.0,526.0,1.240566037735849,4.0,2026-05-01,92.5,Low,1,U304,0
A1119,Eastgate Ventures SA,eastgateventures.example.com,AMER,Enterprise,Crypto Native,,,A1119,Eastgate Ventures SA,0,478341.5,2027-03-12,255,79.5,92.33333333333333,1.1614255765199162,5.0,2026-06-01,73.6,Low,4,U302,0
A1179,Thorne Partners SA,thornepartners.example.com,EMEA,Enterprise,Government,,,A1179,Thorne Partners SA,0,475552.63,2026-11-04,127,96.5,112.66666666666667,1.1675302245250432,8.0,2026-06-01,61.9,Medium,2,U303,0
A1188,Stanhope Holdings Inc,stanhopeholdings.example.com,AMER,Enterprise,Crypto Native,A1036,Cobalt Partners Pte Ltd,A1036,Cobalt Partners Pte Ltd,1,472659.22000000003,2026-11-07,130,116.5,124.66666666666667,1.0701001430615165,6.0,2026-06-01,73.7,Low,2,U303,0
A1307,Zenith Custody GmbH,zenithcustody.example.com,LATAM,Enterprise,Payments,,,A1307,Zenith Custody GmbH,0,467553.55999999994,2026-07-24,24,854.0,840.6666666666666,0.9843871975019516,3.0,2026-06-01,74.8,Low,1,U301,0
A1351,Juniper Trust Co,junipertrust.example.com,,Enterprise,Crypto Native,,,A1351,Juniper Trust Co,0,458734.24647745,2026-10-16,108,79.5,115.0,1.4465408805031446,8.0,2026-06-01,79.6,Low,0,U303,0
A1315,Tessera Partners LLC,tesserapartners.example.com,,Enterprise,Government,,,A1315,Tessera Partners LLC,0,438990.01,2026-08-06,37,100.0,95.0,0.95,1.0,2026-06-01,26.7,High,5,U305,0
A1202,Inlet Exchange Co,inletexchange.example.com,EMEA,Public Sector,Insurance,,,A1202,Inlet Exchange Co,0,400181.45999999996,2026-12-03,156,136.0,129.0,0.9485294117647058,1.0,2026-06-01,69.9,Low,1,U304,0
A1404,Solstice Analytics Ltd,solsticeanalytics.example.com,AMER,Enterprise,Gaming,,,A1404,Solstice Analytics Ltd,0,391600.0,2026-11-07,130,308.5,262.6666666666667,0.851431658562939,8.0,2026-06-01,91.0,Low,2,U300,0
A1297,Redmond Labs GmbH,redmondlabs.example.com,EMEA,Public Sector,Gaming,,,A1297,Redmond Labs GmbH,0,389300.0,2026-10-26,118,293.5,323.6666666666667,1.1027825099375355,14.0,2026-05-01,86.6,Low,3,U304,0
A1215,Harrow Partners Pte Ltd,harrowpartners.example.com,EMEA,Public Sector,Government,,,A1215,Harrow Partners Pte Ltd,0,368856.83,2026-07-21,21,22.0,23.0,1.0454545454545454,3.0,2026-06-01,63.8,Medium,1,U304,0
A1065,Quarry Payments Inc,quarrypayments.example.com,AMER,Mid-Market,Payments,,,A1065,Quarry Payments Inc,0,364619.7632458,2027-05-08,312,276.5,236.66666666666666,0.8559373116335142,5.0,2026-06-01,98.9,Low,2,U301,0
A1137,Lumen Digital Inc,lumendigital.example.com,APAC,Enterprise,Fintech,,,A1137,Lumen Digital Inc,0,353830.67,2026-09-22,84,259.0,295.6666666666667,1.1415701415701416,8.0,2026-06-01,94.8,Low,3,U301,0
A1335,Quarry Financial Co,quarryfinancial.example.com,AMER,Enterprise,Government,,,A1335,Quarry Financial Co,0,338536.0,2026-07-09,9,380.0,515.6666666666666,1.357017543859649,5.0,2026-06-01,31.1,High,0,U301,0
A1400,Stanhope Networks Ltd,stanhopenetworks.example.com,AMER,,Payments,,,A1400,Stanhope Networks Ltd,0,329949.92,2026-12-20,173,268.0,262.0,0.9776119402985075,7.0,2026-06-01,61.6,Medium,2,U303,0
A1143,Granite Advisors GmbH,graniteadvisors.example.com,LATAM,Public Sector,Gaming,,,A1143,Granite Advisors GmbH,0,328020.0,2026-10-31,123,176.5,214.0,1.2124645892351276,7.0,2026-06-01,72.6,Low,2,U304,0
A1031,Gilder Financial Co,gilderfinancial.example.com,,Mid-Market,Government,,,A1031,Gilder Financial Co,0,325563.66787587997,2026-11-20,143,108.0,116.66666666666667,1.080246913580247,6.0,2026-06-01,75.8,Low,5,U300,0
A1417,Lumen Holdings Ltd,lumenholdings.example.com,EMEA,Public Sector,Fintech,A1080,Keystone Networks GmbH,A1080,Keystone Networks GmbH,1,318207.32999999996,2026-08-17,48,84.5,82.0,0.9704142011834319,8.0,2026-06-01,53.8,Medium,1,U301,0
A1263,Halcyon Partners SA,halcyonpartners.example.com,AMER,Enterprise,Financial Services,,,A1263,Halcyon Partners SA,0,314515.37,2026-10-27,119,614.5,557.0,0.9064279902359642,5.0,2026-06-01,92.9,Low,3,U301,0
A1037,Cobalt Group LLC,cobaltgroup.example.com,AMER,Mid-Market,Consulting,,,A1037,Cobalt Group LLC,0,313856.2,2026-09-14,76,161.5,169.33333333333334,1.0485036119711042,9.0,2026-06-01,57.8,Medium,0,U302,0
A1286,Cobalt Group Ltd,cobaltgroup.example.com,EMEA,Mid-Market,Government,,,A1286,Cobalt Group Ltd,0,307690.0,2027-02-23,238,51.5,44.333333333333336,0.8608414239482202,10.666666666666666,2026-06-01,95.2,Low,4,U305,0
A1347,Juniper Partners LLC,juniperpartners.example.com,APAC,Enterprise,Insurance,,,A1347,Juniper Partners LLC,0,299510.36,2027-02-14,229,49.5,52.666666666666664,1.063973063973064,5.0,2026-05-01,99.0,Low,2,U300,0
A1353,Halcyon Ventures Inc,halcyonventures.example.com,LATAM,Public Sector,Crypto Native,,,A1353,Halcyon Ventures Inc,0,290894.61267999996,2026-09-22,84,46.0,59.333333333333336,1.289855072463768,4.0,2026-06-01,80.7,Low,1,U301,0
A1150,Stanhope Capital GmbH,stanhopecapital.example.com,EMEA,Enterprise,Gaming,,,A1150,Stanhope Capital GmbH,0,279653.04262115003,2026-10-31,123,762.0,684.6666666666666,0.8985126859142607,2.0,2026-06-01,60.0,Medium,0,U303,0
A1161,Sable Securities LLC,sablesecurities.example.com,AMER,Public Sector,Fintech,,,A1161,Sable Securities LLC,0,278956.81674,2027-03-06,249,43.0,38.0,0.8837209302325582,4.0,2026-06-01,66.7,Low,2,U302,0
A1412,Riverbend Payments GmbH,riverbendpayments.example.com,APAC,Mid-Market,Payments,,,A1412,Riverbend Payments GmbH,0,277941.22554725,2027-05-12,316,68.0,89.0,1.3088235294117647,5.0,2026-06-01,47.1,Medium,3,U302,0
A1206,Keystone Systems SA,keystonesystems.example.com,,Mid-Market,Crypto Native,,,A1206,Keystone Systems SA,0,276558.67,2026-10-12,104,71.0,112.0,1.5774647887323943,4.0,2026-06-01,44.4,High,3,U300,0
A1311,Cobalt Financial Inc,cobaltfinancial.example.com,LATAM,Enterprise,Gaming,,,A1311,Cobalt Financial Inc,0,272832.0,2027-06-08,343,127.0,166.66666666666666,1.3123359580052492,11.0,2026-06-01,91.5,Low,2,U301,0
A1330,Solstice Advisors SA,solsticeadvisors.example.com,,Enterprise,Financial Services,,,A1330,Solstice Advisors SA,0,269358.51,2027-06-13,348,33.5,28.0,0.835820895522388,5.0,2026-06-01,33.4,High,1,U302,0
A1049,Juniper Trust Pte Ltd,junipertrust.example.com,,Public Sector,Gaming,,,A1049,Juniper Trust Pte Ltd,0,269026.69,2027-02-09,224,251.0,282.6666666666667,1.1261620185922976,1.0,2026-05-01,11.4,High,3,U305,0
A1388,Cobalt Financial Pte Ltd,cobaltfinancial.example.com,AMER,Public Sector,Government,,,A1388,Cobalt Financial Pte Ltd,0,267194.96482625,2026-10-05,97,265.0,226.66666666666666,0.8553459119496855,6.0,2026-06-01,67.8,Low,0,U300,0
A1192,Caldera Capital Pte Ltd,calderacapital.example.com,EMEA,Enterprise,Consulting,A1043,Marrow Digital PLC,A1043,Marrow Digital PLC,1,259596.29,2026-10-24,116,187.0,200.33333333333334,1.071301247771836,5.0,2026-06-01,93.7,Low,3,U301,0
A1395,Westford Networks Co,westfordnetworks.example.com,AMER,Enterprise,Gaming,,,A1395,Westford Networks Co,0,259477.42314245,2026-08-19,50,119.5,170.33333333333334,1.4253835425383543,8.0,2026-06-01,48.0,Medium,3,U305,0
A1296,Vertex Digital LLC,vertexdigital.example.com,AMER,,Gaming,,,A1296,Vertex Digital LLC,0,252869.94,2026-09-03,65,336.0,339.0,1.0089285714285714,5.0,2026-06-01,84.8,Low,2,U305,0
A1168,Keystone Labs PLC,keystonelabs.example.com,AMER,Mid-Market,Fintech,,,A1168,Keystone Labs PLC,0,251912.31,2026-07-19,19,104.5,118.66666666666667,1.1355661881977672,10.0,2026-06-01,61.4,Medium,4,U301,0
A1198,Westford Holdings LLC,westfordholdings.example.com,AMER,Mid-Market,Insurance,,,A1198,Westford Holdings LLC,0,249882.53,2027-02-05,220,15.5,17.0,1.096774193548387,6.666666666666667,2026-06-01,68.0,Low,1,U302,0
A1326,Beltway Payments Inc,beltwaypayments.example.com,EMEA,Enterprise,Consulting,,,A1326,Beltway Payments Inc,0,249299.13,2026-09-23,85,98.0,124.0,1.2653061224489797,8.0,2026-04-01,88.9,Low,4,U302,0
A1190,Dovetail Custody GmbH,dovetailcustody.example.com,AMER,Public Sector,Fintech,A1082,Keystone Ventures GmbH,A1082,Keystone Ventures GmbH,1,248555.93813433,2026-07-19,19,358.5,273.3333333333333,0.7624360762436075,10.0,2026-06-01,85.7,Low,1,U305,0
A1319,Fairlane Securities PLC,fairlanesecurities.example.com,LATAM,Enterprise,Fintech,,,A1319,Fairlane Securities PLC,0,248505.63,2026-10-13,105,42.5,47.333333333333336,1.1137254901960785,8.0,2026-06-01,52.1,Medium,1,U301,0
A1131,Norsk Holdings GmbH,norskholdings.example.com,AMER,Enterprise,Government,,,A1131,Norsk Holdings GmbH,0,248274.45,2026-10-16,108,75.5,86.33333333333333,1.1434878587196466,6.0,2026-06-01,79.8,Low,3,U303,0
A1160,Palisade Labs Inc,palisadelabs.example.com,AMER,Public Sector,Insurance,,,A1160,Palisade Labs Inc,0,246860.66999999998,2026-08-12,43,22.5,19.333333333333332,0.8592592592592592,10.333333333333334,2026-06-01,44.7,High,3,U301,0
A1052,Norsk Advisors Co,norskadvisors.example.com,AMER,Mid-Market,Payments,,,A1052,Norsk Advisors Co,0,238224.65999999997,2027-04-29,303,381.5,335.3333333333333,0.8789864569681083,2.0,2026-06-01,53.5,Medium,1,U300,0
A1357,Thorne Digital LLC,thornedigital.example.com,EMEA,Mid-Market,Financial Services,,,A1357,Thorne Digital LLC,0,229851.695808,2027-03-09,252,103.5,118.66666666666667,1.146537842190016,10.0,2026-06-01,62.4,Medium,2,U300,0
A1305,Norsk Payments LLC,norskpayments.example.com,AMER,Mid-Market,Insurance,,,A1305,Norsk Payments LLC,0,229332.98,2026-07-01,1,78.0,83.66666666666667,1.0726495726495726,2.0,2026-05-01,69.1,Low,2,U300,0
A1101,Riverbend Analytics GmbH,riverbendanalytics.example.com,EMEA,Enterprise,Government,,,A1101,Riverbend Analytics GmbH,0,220855.95419999998,2026-09-15,77,256.0,292.3333333333333,1.1419270833333333,1.0,2026-05-01,5.0,High,3,U301,0
A1124,Quarry Exchange SA,quarryexchange.example.com,AMER,Mid-Market,Consulting,,,A1124,Quarry Exchange SA,0,220709.52,2026-09-18,80,46.0,46.0,1.0,9.666666666666666,2026-06-01,79.5,Low,3,U301,0
A1127,Palisade Partners PLC,palisadepartners.example.com,,Enterprise,Fintech,,,A1127,Palisade Partners PLC,0,219941.08247999998,2026-11-07,130,104.5,115.33333333333333,1.1036682615629985,9.0,2026-06-01,11.8,High,0,U303,0
A1362,Juniper Systems SA,junipersystems.example.com,AMER,Enterprise,Fintech,,,A1362,Juniper Systems SA,0,215048.28,2026-07-06,6,157.0,122.33333333333333,0.7791932059447982,6.0,2026-06-01,62.3,Medium,3,U300,1
A1306,Marrow Exchange Inc,marrowexchange.example.com,AMER,Public Sector,Insurance,,,A1306,Marrow Exchange Inc,0,213060.63,2027-06-02,337,138.5,132.0,0.9530685920577617,1.0,2026-06-01,95.9,Low,4,U303,0
A1029,Quarry Networks LLC,quarrynetworks.example.com,APAC,Enterprise,Payments,,,A1029,Quarry Networks LLC,0,209331.79548707997,2026-09-22,84,63.0,73.66666666666667,1.1693121693121693,10.666666666666666,2026-06-01,73.2,Low,3,U301,0
A1059,Halcyon Analytics Ltd,halcyonanalytics.example.com,,Enterprise,Insurance,,,A1059,Halcyon Analytics Ltd,0,205548.0,2027-03-24,267,186.5,203.0,1.0884718498659518,4.0,2026-06-01,83.4,Low,0,U302,0
A1237,Caldera Partners Co,calderapartners.example.com,AMER,Enterprise,Gaming,,,A1237,Caldera Partners Co,0,203598.54284292,2026-07-29,29,524.5,454.3333333333333,0.8662217985382904,2.0,2026-06-01,58.7,Medium,3,U301,0
A1159,Lattice Analytics Co,latticeanalytics.example.com,EMEA,,Payments,,,A1159,Lattice Analytics Co,0,202138.0,2026-08-15,46,184.5,262.3333333333333,1.4218608852755192,9.0,2026-06-01,86.0,Low,3,U304,0
A1050,Solstice Bancorp SA,solsticebancorp.example.com,AMER,Mid-Market,Government,,,A1050,Solstice Bancorp SA,0,194807.47120864998,2026-07-01,1,87.0,122.0,1.4022988505747127,4.0,2026-06-01,66.8,Low,0,U303,0
A1007,Umbra Networks Inc,umbranetworks.example.com,LATAM,,Consulting,,,A1007,Umbra Networks Inc,0,193653.11,2027-01-21,205,417.0,350.0,0.8393285371702638,4.0,2026-06-01,47.0,Medium,3,U301,0
A1250,Ironclad Securities Pte Ltd,ironcladsecurities.example.com,EMEA,Mid-Market,Government,,,A1250,Ironclad Securities Pte Ltd,0,193046.56,2026-07-23,23,244.0,280.0,1.1475409836065573,15.0,2026-06-01,54.7,Medium,3,U301,0
A1196,Pinnacle Group GmbH,pinnaclegroup.example.com,LATAM,Mid-Market,Financial Services,,,A1196,Pinnacle Group GmbH,0,192943.61075444,2027-04-16,290,116.5,111.0,0.9527896995708155,6.0,2026-06-01,99.0,Low,1,U305,0
A1221,Tessera Networks Inc,tesseranetworks.example.com,AMER,Enterprise,Government,,,A1221,Tessera Networks Inc,0,185638.8505391,2026-08-27,58,353.5,215.33333333333334,0.6091466289486092,8.0,2026-06-01,49.9,Medium,4,U303,1
A1343,Fairlane Group Pte Ltd,fairlanegroup.example.com,EMEA,,Government,,,A1343,Fairlane Group Pte Ltd,0,181189.47,2026-08-04,35,273.5,259.0,0.946983546617916,3.0,2026-06-01,89.6,Low,2,U304,0
A1379,Ardent Ventures PLC,ardentventures.example.com,AMER,Enterprise,Crypto Native,,,A1379,Ardent Ventures PLC,0,181035.72,2027-03-16,259,93.0,94.0,1.010752688172043,10.0,2026-06-01,90.1,Low,2,U304,0
A1024,Cobalt Financial Ltd,cobaltfinancial.example.com,AMER,Enterprise,Government,,,A1024,Cobalt Financial Ltd,0,176612.97,2027-01-18,202,71.5,84.33333333333333,1.1794871794871795,4.0,2026-06-01,55.9,Medium,2,U301,0
A1213,Fairlane Financial GmbH,fairlanefinancial.example.com,EMEA,Enterprise,Gaming,,,A1213,Fairlane Financial GmbH,0,174854.71000000002,2026-12-16,169,139.0,127.33333333333333,0.9160671462829736,5.0,2026-06-01,95.8,Low,1,U302,0
A1248,Keystone Trust Inc,keystonetrust.example.com,LATAM,Enterprise,Insurance,,,A1248,Keystone Trust Inc,0,172667.49,2026-10-19,111,290.5,283.0,0.9741824440619621,4.0,2026-06-01,80.6,Low,1,U305,0
A1080,Keystone Networks GmbH,keystonenetworks.example.com,APAC,Public Sector,Payments,,,A1080,Keystone Networks GmbH,0,171771.5,2026-09-01,63,260.0,221.0,0.85,5.0,2026-06-01,88.3,Low,1,U304,0
A1410,Lattice Ventures Pte Ltd,latticeventures.example.com,EMEA,Mid-Market,Financial Services,,,A1410,Lattice Ventures Pte Ltd,0,164490.53,2026-08-22,53,156.5,114.0,0.7284345047923323,1.0,2026-06-01,72.3,Low,6,U302,0
A1284,Kestrel Bancorp GmbH,kestrelbancorp.example.com,AMER,Mid-Market,Payments,,,A1284,Kestrel Bancorp GmbH,0,161925.39465424,2026-10-27,119,235.0,293.3333333333333,1.24822695035461,8.0,2026-06-01,74.3,Low,2,U300,0
A1121,Caldera Holdings Ltd,calderaholdings.example.com,LATAM,Mid-Market,Crypto Native,,,A1121,Caldera Holdings Ltd,0,160249.76,2027-01-09,193,219.0,255.33333333333334,1.1659056316590564,2.0,2026-05-01,60.6,Medium,1,U304,0
A1169,Norsk Systems Ltd,norsksystems.example.com,LATAM,Enterprise,Insurance,,,A1169,Norsk Systems Ltd,0,160000.0,2026-08-15,46,188.5,166.66666666666666,0.8841732979664013,4.0,2026-06-01,90.2,Low,4,U305,0
A1271,Zenith Trust SA,zenithtrust.example.com,APAC,Mid-Market,Crypto Native,,,A1271,Zenith Trust SA,0,156370.03,2026-08-06,37,85.5,81.0,0.9473684210526315,9.0,2026-06-01,66.3,Low,6,U304,0
A1035,Fairlane Capital LLC,fairlanecapital.example.com,LATAM,Mid-Market,Financial Services,,,A1035,Fairlane Capital LLC,0,155111.83,2026-12-22,175,133.0,168.0,1.263157894736842,4.0,2026-06-01,88.9,Low,5,U300,0
A1183,Auriga Networks SA,auriganetworks.example.com,AMER,,Crypto Native,,,A1183,Auriga Networks SA,0,150818.73579233998,2026-09-23,85,84.5,118.0,1.3964497041420119,2.0,2026-06-01,47.9,Medium,1,U300,0
A1274,Tessera Exchange LLC,tesseraexchange.example.com,EMEA,Public Sector,Fintech,,,A1274,Tessera Exchange LLC,0,150760.6799192,2027-02-04,219,69.0,70.66666666666667,1.0241545893719808,7.0,2026-06-01,89.9,Low,1,U300,0
A1138,Northwind Digital SA,northwinddigital.example.com,EMEA,Public Sector,Gaming,,,A1138,Northwind Digital SA,0,150176.53,2026-07-16,16,78.5,75.66666666666667,0.9639065817409767,6.0,2026-06-01,65.2,Low,1,U304,0
A1060,Orbit Advisors PLC,orbitadvisors.example.com,LATAM,Mid-Market,Financial Services,,,A1060,Orbit Advisors PLC,0,149425.22,2026-10-25,117,107.5,90.33333333333333,0.8403100775193798,4.0,2026-06-01,42.0,High,0,U302,0
A1260,Auriga Bancorp SA,aurigabancorp.example.com,AMER,Mid-Market,Consulting,,,A1260,Auriga Bancorp SA,0,149326.9,2026-12-01,154,217.5,219.0,1.006896551724138,5.0,2026-06-01,52.4,Medium,3,U304,0
A1243,Lumen Capital GmbH,lumencapital.example.com,AMER,Public Sector,Crypto Native,,,A1243,Lumen Capital GmbH,0,148418.91,2027-02-27,242,866.5,1092.0,1.2602423542989036,8.0,2026-06-01,24.5,High,1,U305,0
A1209,Meridian Payments Inc,meridianpayments.example.com,,Mid-Market,Financial Services,,,A1209,Meridian Payments Inc,0,146339.0072081,2027-02-25,240,76.5,87.66666666666667,1.1459694989106755,9.0,2026-06-01,43.6,High,1,U303,0
A1170,Fairlane Analytics Co,fairlaneanalytics.example.com,EMEA,Public Sector,Government,A1098,Inlet Custody SA,A1098,Inlet Custody SA,1,146020.23,2026-07-31,31,311.0,322.0,1.0353697749196142,10.0,2026-06-01,74.9,Low,1,U304,0
A1393,Stanhope Group Co,stanhopegroup.example.com,,,Financial Services,,,A1393,Stanhope Group Co,0,143023.25,2026-07-08,8,623.0,733.6666666666666,1.1776350989834135,5.0,2026-06-01,67.9,Low,2,U300,0
A1195,Auriga Securities Inc,aurigasecurities.example.com,,Enterprise,Fintech,,,A1195,Auriga Securities Inc,0,140658.77000000002,2026-10-30,122,520.0,494.6666666666667,0.9512820512820513,6.0,2026-06-01,75.2,Low,4,U301,0
A1264,Lattice Labs Co,latticelabs.example.com,,Enterprise,Financial Services,A1092,Halcyon Financial PLC,A1092,Halcyon Financial PLC,1,140339.34650020002,2026-07-12,12,257.5,298.3333333333333,1.1585760517799353,1.0,2026-06-01,86.1,Low,0,U303,0
A1054,Granite Custody Inc,granitecustody.example.com,,Enterprise,Payments,,,A1054,Granite Custody Inc,0,137962.6182,2027-07-07,372,121.0,116.0,0.9586776859504132,6.0,2026-06-01,79.8,Low,3,U300,0
A1057,Zenith Capital LLC,zenithcapital.example.com,LATAM,Enterprise,Payments,,,A1057,Zenith Capital LLC,0,137856.6,2026-08-12,43,49.5,53.0,1.0707070707070707,6.0,2026-06-01,83.6,Low,2,U303,0
A1178,Granite Exchange Co,graniteexchange.example.com,EMEA,Mid-Market,Gaming,,,A1178,Granite Exchange Co,0,135995.7,2026-09-15,77,306.0,350.3333333333333,1.144880174291939,9.0,2026-06-01,78.1,Low,5,U305,0
A1337,Harrow Capital Pte Ltd,harrowcapital.example.com,APAC,Public Sector,Government,,,A1337,Harrow Capital Pte Ltd,0,132804.0,2026-10-20,112,171.0,120.0,0.7017543859649122,7.0,2026-05-01,94.2,Low,1,U301,0
A1134,Harrow Ventures SA,harrowventures.example.com,AMER,Mid-Market,Financial Services,,,A1134,Harrow Ventures SA,0,130376.0884711,2026-07-18,18,252.5,271.0,1.0732673267326733,2.0,2026-06-01,56.5,Medium,1,U301,0
A1125,Sable Group SA,sablegroup.example.com,APAC,Mid-Market,Consulting,,,A1125,Sable Group SA,0,129336.0,2026-07-05,5,86.0,92.33333333333333,1.073643410852713,5.0,2026-06-01,83.1,Low,0,U302,0
A1246,Redmond Partners GmbH,redmondpartners.example.com,LATAM,Mid-Market,Crypto Native,,,A1246,Redmond Partners GmbH,0,128735.2281291,2026-11-14,137,131.0,107.66666666666667,0.8218829516539441,8.0,2026-06-01,96.1,Low,2,U305,0
A1366,Cobalt Networks LLC,cobaltnetworks.example.com,EMEA,Mid-Market,Insurance,,,A1366,Cobalt Networks LLC,0,128021.19,2026-07-05,5,580.5,574.6666666666666,0.9899511915015791,1.0,2026-04-01,82.3,Low,7,U303,0
A1323,Tessera Labs Co,tesseralabs.example.com,EMEA,,Fintech,,,A1323,Tessera Labs Co,0,127745.51082903,2026-07-09,9,112.0,100.33333333333333,0.8958333333333333,10.0,2026-06-01,31.9,High,1,U302,0
A1028,Thorne Trust PLC,thornetrust.example.com,AMER,Public Sector,Insurance,,,A1028,Thorne Trust PLC,0,125032.31,2026-10-04,96,1185.0,1374.6666666666667,1.1600562587904362,3.0,2026-06-01,78.6,Low,0,U301,0
A1032,Bluewater Ventures PLC,bluewaterventures.example.com,AMER,Mid-Market,Payments,,,A1032,Bluewater Ventures PLC,0,122314.13,2026-08-21,52,48.5,64.33333333333333,1.3264604810996563,2.0,2026-06-01,65.9,Low,6,U303,0
A1378,Fairlane Bancorp LLC,fairlanebancorp.example.com,EMEA,Enterprise,Financial Services,,,A1378,Fairlane Bancorp LLC,0,122300.0,2026-10-25,117,134.5,149.66666666666666,1.1127633209417596,4.0,2026-06-01,95.2,Low,3,U304,0
A1087,Pinnacle Ventures Ltd,pinnacleventures.example.com,EMEA,Mid-Market,Crypto Native,,,A1087,Pinnacle Ventures Ltd,0,121119.45,2027-02-18,233,282.5,303.6666666666667,1.0749262536873156,7.0,2026-06-01,73.4,Low,2,U303,0
A1329,Cobalt Securities SA,cobaltsecurities.example.com,APAC,Public Sector,Payments,,,A1329,Cobalt Securities SA,0,114030.0,2027-04-24,298,147.5,134.66666666666666,0.9129943502824858,6.0,2026-06-01,62.1,Medium,2,U305,0
A1302,Lattice Bancorp LLC,latticebancorp.example.com,AMER,Mid-Market,Gaming,,,A1302,Lattice Bancorp LLC,0,110635.09869175,2027-03-27,270,111.0,113.66666666666667,1.0240240240240241,6.0,2026-06-01,56.1,Medium,3,U303,0
A1066,Halcyon Holdings Inc,halcyonholdings.example.com,AMER,Mid-Market,Gaming,,,A1066,Halcyon Holdings Inc,0,110401.64,2026-08-10,41,62.0,69.33333333333333,1.118279569892473,12.0,2026-06-01,42.6,High,3,U300,0
A1414,Redmond Systems SA,redmondsystems.example.com,AMER,Mid-Market,Government,,,A1414,Redmond Systems SA,0,110004.14,2027-03-01,244,220.0,252.66666666666666,1.1484848484848484,8.0,2026-06-01,40.7,High,1,U302,0
A1096,Dovetail Networks SA,dovetailnetworks.example.com,,Mid-Market,Consulting,,,A1096,Dovetail Networks SA,0,105350.43,2026-12-30,183,153.0,160.66666666666666,1.0501089324618735,5.0,2026-06-01,49.2,Medium,3,U302,0
A1126,Lattice Digital Ltd,latticedigital.example.com,EMEA,Mid-Market,Gaming,,,A1126,Lattice Digital Ltd,0,105300.0,2027-01-12,196,534.0,511.0,0.9569288389513109,1.0,2026-06-01,58.5,Medium,2,U304,0
A1010,Auriga Ventures SA,aurigaventures.example.com,AMER,Mid-Market,Gaming,,,A1010,Auriga Ventures SA,0,101925.52601389999,2027-02-25,240,128.0,105.0,0.8203125,10.0,2026-06-01,41.3,High,1,U305,0
A1156,Fairlane Networks PLC,fairlanenetworks.example.com,EMEA,Enterprise,Financial Services,,,A1156,Fairlane Networks PLC,0,101060.31,2026-11-20,143,75.0,80.66666666666667,1.0755555555555556,9.0,2026-06-01,64.5,Medium,4,U301,0
A1149,Bluewater Systems Pte Ltd,bluewatersystems.example.com,,SMB,Government,,,A1149,Bluewater Systems Pte Ltd,0,100152.7343714,2027-06-01,336,87.5,76.66666666666667,0.8761904761904763,4.0,2026-06-01,54.9,Medium,0,U300,0
A1081,Zenith Digital Ltd,zenithdigital.example.com,APAC,Mid-Market,Gaming,,,A1081,Zenith Digital Ltd,0,97744.0,2027-01-30,214,103.5,113.0,1.0917874396135265,10.0,2026-06-01,87.3,Low,2,U304,0
A1222,Pinnacle Holdings LLC,pinnacleholdings.example.com,APAC,Mid-Market,Fintech,,,A1222,Pinnacle Holdings LLC,0,96504.81701274999,2027-01-17,201,127.0,167.66666666666666,1.3202099737532809,11.0,2026-06-01,64.5,Medium,3,U301,0
A1129,Inlet Advisors SA,inletadvisors.example.com,LATAM,SMB,Government,,,A1129,Inlet Advisors SA,0,96001.01000000001,2026-09-29,91,124.5,138.66666666666666,1.113788487282463,8.0,2026-06-01,24.8,High,2,U302,0
A1314,Zenith Labs Pte Ltd,zenithlabs.example.com,APAC,Mid-Market,Crypto Native,,,A1314,Zenith Labs Pte Ltd,0,95800.0,2026-11-25,148,219.5,236.0,1.0751708428246014,3.0,2026-06-01,99.0,Low,4,U303,0
A1383,Thorne Trust Ltd,thornetrust.example.com,AMER,Mid-Market,Consulting,,,A1383,Thorne Trust Ltd,0,90781.79000000001,2026-10-15,107,307.0,343.0,1.1172638436482085,5.0,2026-06-01,60.3,Medium,1,U300,0
A1189,Orbit Trust LLC,orbittrust.example.com,EMEA,Mid-Market,Fintech,,,A1189,Orbit Trust LLC,0,89570.0,2026-08-17,48,94.0,131.0,1.3936170212765957,5.0,2026-06-01,84.6,Low,2,U303,0
A1083,Tessera Networks PLC,tesseranetworks.example.com,AMER,SMB,Consulting,,,A1083,Tessera Networks PLC,0,89111.39,2027-04-05,279,76.0,77.66666666666667,1.0219298245614035,4.0,2026-04-01,84.0,Low,2,U302,0
A1154,Norsk Holdings Inc,norskholdings.example.com,APAC,Mid-Market,Crypto Native,,,A1154,Norsk Holdings Inc,0,88438.96073712,2026-12-08,161,272.5,226.0,0.8293577981651377,5.0,2026-06-01,97.4,Low,2,U304,0
A1077,Meridian Custody SA,meridiancustody.example.com,AMER,Mid-Market,Consulting,,,A1077,Meridian Custody SA,0,87800.0,2027-05-09,313,90.5,105.0,1.160220994475138,1.0,2026-06-01,77.2,Low,4,U300,0
A1313,Vertex Custody PLC,vertexcustody.example.com,EMEA,Mid-Market,Financial Services,,,A1313,Vertex Custody PLC,0,87700.0,2026-09-18,80,149.5,159.0,1.0635451505016722,11.0,2026-06-01,75.6,Low,4,U300,0
A1350,Zenith Systems SA,zenithsystems.example.com,AMER,,Crypto Native,,,A1350,Zenith Systems SA,0,86545.11,2026-12-08,161,179.0,209.0,1.1675977653631284,12.0,2026-06-01,44.4,High,2,U302,0
A1267,Ironclad Digital GmbH,ironcladdigital.example.com,AMER,Mid-Market,Crypto Native,,,A1267,Ironclad Digital GmbH,0,86391.29000000001,2027-03-17,260,145.5,147.66666666666666,1.0148911798396334,4.0,2026-06-01,89.7,Low,2,U304,0
A1142,Northwind Bancorp LLC,northwindbancorp.example.com,EMEA,Public Sector,Fintech,,,A1142,Northwind Bancorp LLC,0,86289.0,2027-01-02,186,404.5,704.3333333333334,1.7412443345694273,2.0,2026-06-01,29.1,High,0,U301,0
A1303,Auriga Capital Ltd,aurigacapital.example.com,AMER,Mid-Market,Financial Services,,,A1303,Auriga Capital Ltd,0,84854.82,2026-09-20,82,74.5,73.33333333333333,0.9843400447427293,10.666666666666666,2026-06-01,93.6,Low,1,U304,0
A1287,Tessera Financial LLC,tesserafinancial.example.com,APAC,SMB,Payments,,,A1287,Tessera Financial LLC,0,82774.11,2027-02-04,219,180.0,168.0,0.9333333333333333,8.0,2026-06-01,80.1,Low,1,U300,0
A1076,Westford Labs GmbH,westfordlabs.example.com,LATAM,Enterprise,Gaming,,,A1076,Westford Labs GmbH,0,79985.97208400001,2026-08-19,50,668.0,702.6666666666666,1.0518962075848304,9.0,2026-06-01,72.0,Low,1,U300,0
A1233,Bluewater Securities Ltd,bluewatersecurities.example.com,LATAM,Mid-Market,Government,,,A1233,Bluewater Securities Ltd,0,79931.39,2027-01-30,214,216.0,261.6666666666667,1.21141975308642,1.0,2026-06-01,91.4,Low,2,U305,0
A1205,Riverbend Custody Pte Ltd,riverbendcustody.example.com,AMER,Mid-Market,Fintech,,,A1205,Riverbend Custody Pte Ltd,0,79692.94,2026-11-25,148,118.5,128.66666666666666,1.0857946554149085,1.0,2026-06-01,54.3,Medium,4,U301,0
A1013,Tessera Financial Inc,tesserafinancial.example.com,EMEA,Public Sector,Financial Services,,,A1013,Tessera Financial Inc,0,79017.08200000001,2027-06-06,341,80.0,83.0,1.0375,2.0,2026-06-01,49.3,Medium,2,U302,0
A1359,Thorne Analytics PLC,thorneanalytics.example.com,EMEA,SMB,Insurance,,,A1359,Thorne Analytics PLC,0,77563.39175380001,2027-03-23,266,15.0,26.333333333333332,1.7555555555555555,5.0,2026-06-01,71.7,Low,2,U303,0
A1033,Ironclad Partners Co,ironcladpartners.example.com,AMER,Mid-Market,Crypto Native,,,A1033,Ironclad Partners Co,0,77500.0,2026-09-13,75,103.0,92.33333333333333,0.8964401294498382,8.0,2026-06-01,59.0,Medium,2,U303,0
A1204,Ironclad Trust GmbH,ironcladtrust.example.com,APAC,Mid-Market,Fintech,,,A1204,Ironclad Trust GmbH,0,75852.94,2026-10-04,96,88.0,91.0,1.0340909090909092,4.0,2026-06-01,76.5,Low,3,U301,0
A1102,Kestrel Exchange Ltd,kestrelexchange.example.com,EMEA,Mid-Market,Financial Services,,,A1102,Kestrel Exchange Ltd,0,75101.06,2027-01-06,190,136.0,115.66666666666667,0.8504901960784315,5.0,2026-06-01,82.6,Low,1,U300,0
A1376,Tessera Systems Inc,tesserasystems.example.com,AMER,Mid-Market,Consulting,,,A1376,Tessera Systems Inc,0,74570.02715049998,2026-11-08,131,374.5,427.0,1.1401869158878504,3.0,2026-06-01,46.7,Medium,2,U305,0
A1293,Caldera Bancorp SA,calderabancorp.example.com,EMEA,Enterprise,Government,,,A1293,Caldera Bancorp SA,0,74004.19487921,2027-03-16,259,58.5,73.0,1.2478632478632479,1.0,2026-06-01,61.0,Medium,3,U305,0
A1212,Harrow Analytics LLC,harrowanalytics.example.com,AMER,Mid-Market,Payments,,,A1212,Harrow Analytics LLC,0,73997.29,2026-09-10,72,147.5,113.33333333333333,0.7683615819209039,5.0,2026-06-01,35.2,High,2,U300,1
A1261,Westford Payments PLC,westfordpayments.example.com,EMEA,Mid-Market,Payments,,,A1261,Westford Payments PLC,0,73233.28,2027-05-20,324,254.0,263.3333333333333,1.0367454068241468,1.0,2026-06-01,88.3,Low,2,U302,0
A1051,Bluewater Systems Ltd,bluewatersystems.example.com,LATAM,Mid-Market,Financial Services,,,A1051,Bluewater Systems Ltd,0,71804.51999999999,2026-10-12,104,128.0,148.0,1.15625,10.0,2026-06-01,36.9,High,1,U304,0
A1171,Inlet Exchange LLC,inletexchange.example.com,APAC,Mid-Market,Insurance,,,A1171,Inlet Exchange LLC,0,71302.2,2026-07-31,31,67.0,55.666666666666664,0.8308457711442786,8.0,2026-06-01,28.3,High,1,U305,0
A1009,Harrow Advisors SA,harrowadvisors.example.com,AMER,Enterprise,Insurance,,,A1009,Harrow Advisors SA,0,71267.0,2027-03-18,261,501.5,589.6666666666666,1.1758059155865734,10.0,2026-06-01,36.9,High,1,U300,0
A1219,Stanhope Partners PLC,stanhopepartners.example.com,APAC,Mid-Market,Gaming,,,A1219,Stanhope Partners PLC,0,71165.01,2027-04-20,294,329.0,424.0,1.2887537993920972,8.0,2026-06-01,69.5,Low,2,U303,0
A1310,Dovetail Ventures Inc,dovetailventures.example.com,EMEA,Mid-Market,Crypto Native,,,A1310,Dovetail Ventures Inc,0,70039.2,2026-08-07,38,99.0,147.33333333333334,1.4882154882154883,7.0,2026-06-01,99.0,Low,2,U301,0
A1184,Northwind Securities PLC,northwindsecurities.example.com,EMEA,Enterprise,Crypto Native,,,A1184,Northwind Securities PLC,0,64758.54,2026-12-06,159,68.5,57.0,0.8321167883211679,2.0,2026-06-01,68.6,Low,3,U305,0
A1139,Granite Holdings SA,graniteholdings.example.com,,Mid-Market,Crypto Native,,,A1139,Granite Holdings SA,0,64557.3315,2026-09-20,82,245.5,221.66666666666666,0.9029192124915139,6.0,2026-06-01,56.4,Medium,2,U302,0
A1298,Inlet Systems GmbH,inletsystems.example.com,LATAM,Enterprise,Gaming,,,A1298,Inlet Systems GmbH,0,63677.85165506,2026-07-26,26,46.0,71.33333333333333,1.5507246376811594,4.0,2026-06-01,39.1,High,4,U303,0
A1088,Lattice Labs Pte Ltd,latticelabs.example.com,AMER,Mid-Market,Government,,,A1088,Lattice Labs Pte Ltd,0,62229.515804849994,2026-07-13,13,133.0,114.0,0.8571428571428571,6.0,2026-06-01,81.9,Low,2,U303,0
A1270,Beltway Bancorp Co,beltwaybancorp.example.com,EMEA,Enterprise,Insurance,A1012,Harrow Group Pte Ltd,A1012,Harrow Group Pte Ltd,1,61466.90645199,2026-07-22,22,126.5,145.66666666666666,1.1515151515151514,2.0,2026-06-01,35.1,High,3,U302,0
A1386,Cobalt Digital Pte Ltd,cobaltdigital.example.com,APAC,SMB,Fintech,,,A1386,Cobalt Digital Pte Ltd,0,61439.35398271999,2026-10-08,100,2132.5,3133.6666666666665,1.4694802657288002,4.0,2026-06-01,28.1,High,3,U302,0
A1312,Quarry Trust SA,quarrytrust.example.com,EMEA,Mid-Market,Payments,,,A1312,Quarry Trust SA,0,60437.424562199994,2027-04-30,304,164.5,183.66666666666666,1.1165146909827761,4.0,2026-06-01,98.3,Low,1,U304,0
A1377,Northwind Digital Ltd,northwinddigital.example.com,LATAM,Mid-Market,Crypto Native,,,A1377,Northwind Digital Ltd,0,59260.43000000001,2026-08-09,40,186.5,232.66666666666666,1.2475424486148345,11.0,2026-06-01,78.5,Low,4,U305,0
A1239,Vertex Trust Pte Ltd,vertextrust.example.com,EMEA,Enterprise,Financial Services,,,A1239,Vertex Trust Pte Ltd,0,57133.33,2029-01-16,931,112.0,124.33333333333333,1.1101190476190477,3.0,2026-06-01,93.6,Low,2,U300,0
A1040,Lattice Holdings Pte Ltd,latticeholdings.example.com,LATAM,Mid-Market,Payments,,,A1040,Lattice Holdings Pte Ltd,0,57008.0,2026-09-11,73,76.0,79.33333333333333,1.043859649122807,9.0,2026-06-01,34.7,High,1,U301,0
A1344,Norsk Capital Inc,norskcapital.example.com,LATAM,Mid-Market,Insurance,,,A1344,Norsk Capital Inc,0,56697.53,2026-08-12,43,80.5,71.66666666666667,0.8902691511387164,6.0,2026-06-01,59.1,Medium,2,U305,0
A1372,Quarry Partners LLC,quarrypartners.example.com,AMER,Mid-Market,Gaming,,,A1372,Quarry Partners LLC,0,56399.45,2026-09-19,81,216.0,225.33333333333334,1.0432098765432098,6.0,2026-06-01,99.0,Low,4,U302,0
A1208,Marrow Labs PLC,marrowlabs.example.com,APAC,SMB,Crypto Native,,,A1208,Marrow Labs PLC,0,55660.46,2026-09-10,72,67.5,60.333333333333336,0.8938271604938272,7.0,2026-06-01,99.0,Low,2,U300,0
A1163,Marrow Group LLC,marrowgroup.example.com,EMEA,Enterprise,Government,,,A1163,Marrow Group LLC,0,52355.95,2026-08-01,32,136.5,168.66666666666666,1.2356532356532355,7.0,2026-06-01,57.4,Medium,3,U305,0
A1123,Orbit Trust Inc,orbittrust.example.com,AMER,Mid-Market,Consulting,,,A1123,Orbit Trust Inc,0,51665.165793919994,2026-09-21,83,53.0,77.0,1.4528301886792452,4.0,2026-06-01,65.0,Medium,4,U301,0
A1187,Juniper Partners Inc,juniperpartners.example.com,APAC,Mid-Market,Gaming,,,A1187,Juniper Partners Inc,0,50204.53,2026-07-21,21,31.5,38.666666666666664,1.2275132275132274,3.0,2026-06-01,20.9,High,2,U300,0
A1128,Quarry Labs GmbH,quarrylabs.example.com,EMEA,Enterprise,Fintech,,,A1128,Quarry Labs GmbH,0,50082.16,2026-11-30,153,215.0,206.0,0.958139534883721,10.0,2026-06-01,64.3,Medium,2,U304,0
A1230,Quarry Trust LLC,quarrytrust.example.com,AMER,Mid-Market,Fintech,,,A1230,Quarry Trust LLC,0,48901.02034521,2026-12-31,184,103.0,128.0,1.2427184466019416,6.0,2026-06-01,61.1,Medium,4,U304,0
A1361,Auriga Trust PLC,aurigatrust.example.com,LATAM,SMB,Insurance,,,A1361,Auriga Trust PLC,0,48666.1,2026-12-22,175,59.0,60.333333333333336,1.0225988700564972,4.0,2026-04-01,65.7,Low,3,U303,0
A1174,Granite Ventures Pte Ltd,graniteventures.example.com,AMER,Enterprise,Government,,,A1174,Granite Ventures Pte Ltd,0,48471.0,2026-07-07,7,37.5,34.333333333333336,0.9155555555555556,3.0,2026-06-01,95.3,Low,0,U300,0
A1186,Sable Ventures GmbH,sableventures.example.com,EMEA,SMB,Fintech,,,A1186,Sable Ventures GmbH,0,48377.12,2026-11-27,150,142.5,160.0,1.1228070175438596,6.0,2026-06-01,99.0,Low,3,U303,0
A1074,Vertex Systems Pte Ltd,vertexsystems.example.com,EMEA,Mid-Market,Gaming,,,A1074,Vertex Systems Pte Ltd,0,48048.269337879996,2026-09-09,71,175.0,138.33333333333334,0.7904761904761906,4.0,2026-06-01,23.9,High,1,U305,1
A1320,Beltway Ventures Pte Ltd,beltwayventures.example.com,AMER,,Crypto Native,,,A1320,Beltway Ventures Pte Ltd,0,48018.0,2027-03-23,266,39.0,34.333333333333336,0.8803418803418804,3.0,2026-06-01,79.9,Low,3,U302,0
A1151,Harrow Digital Co,harrowdigital.example.com,,Mid-Market,Consulting,A1089,Vertex Digital Co,A1089,Vertex Digital Co,1,47808.9246726,2027-05-03,307,192.5,201.33333333333334,1.0458874458874459,5.0,2026-05-01,74.7,Low,2,U300,0
A1201,Westford Financial Co,westfordfinancial.example.com,LATAM,SMB,Fintech,,,A1201,Westford Financial Co,0,46908.393590499996,2026-07-14,14,473.0,410.0,0.8668076109936576,2.0,2026-06-01,97.7,Low,1,U303,0
A1117,Halcyon Financial GmbH,halcyonfinancial.example.com,AMER,SMB,Gaming,,,A1117,Halcyon Financial GmbH,0,46506.1,2027-05-19,323,211.0,209.0,0.990521327014218,9.0,2026-06-01,54.2,Medium,2,U305,0
A1276,Inlet Capital GmbH,inletcapital.example.com,APAC,SMB,Crypto Native,,,A1276,Inlet Capital GmbH,0,45531.6662467,2026-08-31,62,105.5,95.0,0.9004739336492891,4.0,2026-06-01,55.8,Medium,1,U304,0
A1038,Dovetail Digital LLC,dovetaildigital.example.com,EMEA,SMB,Payments,,,A1038,Dovetail Digital LLC,0,43315.83,2027-03-15,258,94.0,123.33333333333333,1.3120567375886525,4.0,2026-06-01,99.0,Low,1,U300,0
A1266,Vertex Capital Ltd,vertexcapital.example.com,AMER,Mid-Market,Government,,,A1266,Vertex Capital Ltd,0,42141.01,2027-01-01,185,83.0,78.66666666666667,0.9477911646586346,1.0,2026-06-01,93.8,Low,3,U300,0
A1153,Stanhope Labs Co,stanhopelabs.example.com,APAC,Mid-Market,Payments,,,A1153,Stanhope Labs Co,0,41870.56087857999,2027-02-22,237,50.5,76.66666666666667,1.5181518151815183,8.0,2026-06-01,63.1,Medium,4,U302,0
A1034,Riverbend Labs GmbH,riverbendlabs.example.com,LATAM,Mid-Market,Payments,,,A1034,Riverbend Labs GmbH,0,41459.020000000004,2026-08-10,41,49.0,67.0,1.3673469387755102,6.0,2026-06-01,99.0,Low,2,U301,0
A1316,Pinnacle Payments PLC,pinnaclepayments.example.com,EMEA,Mid-Market,Financial Services,A1007,Umbra Networks Inc,A1007,Umbra Networks Inc,1,41000.0,2026-09-04,66,283.0,359.3333333333333,1.2697290930506477,5.0,2026-06-01,71.1,Low,0,U302,0
A1416,Umbra Bancorp GmbH,umbrabancorp.example.com,APAC,Mid-Market,Consulting,A1062,Solstice Systems Inc,A1062,Solstice Systems Inc,1,40903.54724124,2026-09-11,73,151.5,155.66666666666666,1.0275027502750274,5.0,2026-06-01,71.8,Low,4,U301,0
A1251,Juniper Group Co,junipergroup.example.com,EMEA,SMB,Fintech,,,A1251,Juniper Group Co,0,40466.288467779996,2026-08-16,47,46.0,49.666666666666664,1.0797101449275361,8.0,2026-06-01,74.1,Low,0,U300,0
A1236,Marrow Custody GmbH,marrowcustody.example.com,APAC,SMB,Fintech,,,A1236,Marrow Custody GmbH,0,40016.020000000004,2026-12-27,180,26.0,26.666666666666668,1.0256410256410258,4.0,2026-06-01,56.9,Medium,4,U305,0
A1110,Redmond Systems Ltd,redmondsystems.example.com,EMEA,Mid-Market,Insurance,,,A1110,Redmond Systems Ltd,0,39981.38065399999,2026-08-09,40,128.5,118.0,0.9182879377431906,7.0,2026-06-01,13.6,High,4,U303,0
A1346,Riverbend Exchange LLC,riverbendexchange.example.com,EMEA,Mid-Market,Consulting,,,A1346,Riverbend Exchange LLC,0,39446.7,2027-01-17,201,413.5,338.3333333333333,0.8182184602982668,9.0,2026-06-01,86.8,Low,3,U300,0
A1084,Eastgate Financial GmbH,eastgatefinancial.example.com,EMEA,SMB,Consulting,,,A1084,Eastgate Financial GmbH,0,37878.0,2027-03-19,262,173.0,194.33333333333334,1.1233140655105973,1.0,2026-06-01,50.0,Medium,4,U301,0
A1136,Fairlane Securities GmbH,fairlanesecurities.example.com,EMEA,SMB,Insurance,,,A1136,Fairlane Securities GmbH,0,37764.34,2026-12-18,171,136.0,138.66666666666666,1.0196078431372548,5.0,2026-06-01,52.6,Medium,2,U303,0
A1145,Harrow Labs Pte Ltd,harrowlabs.example.com,AMER,SMB,Crypto Native,,,A1145,Harrow Labs Pte Ltd,0,37397.83,2026-07-20,20,114.5,170.33333333333334,1.487627365356623,7.0,2026-06-01,99.0,Low,0,U305,0
A1068,Pinnacle Payments Ltd,pinnaclepayments.example.com,LATAM,Mid-Market,Crypto Native,,,A1068,Pinnacle Payments Ltd,0,36587.8,2027-06-14,349,31.5,31.333333333333332,0.9947089947089947,9.333333333333334,2026-06-01,69.0,Low,1,U304,0
A1394,Riverbend Labs Pte Ltd,riverbendlabs.example.com,AMER,Mid-Market,Government,,,A1394,Riverbend Labs Pte Ltd,0,36046.75,2027-06-16,351,266.0,203.33333333333334,0.7644110275689223,4.0,2026-05-01,51.3,Medium,0,U303,0
A1402,Gilder Networks LLC,gildernetworks.example.com,AMER,SMB,Fintech,,,A1402,Gilder Networks LLC,0,35964.93,2027-01-15,199,266.5,262.6666666666667,0.985616010006254,1.0,2026-04-01,84.9,Low,6,U305,0
A1356,Eastgate Bancorp Ltd,eastgatebancorp.example.com,AMER,Enterprise,Crypto Native,,,A1356,Eastgate Bancorp Ltd,0,35578.372,2027-04-14,288,181.5,171.33333333333334,0.9439853076216713,6.0,2026-06-01,18.1,High,2,U301,0
A1281,Norsk Trust Pte Ltd,norsktrust.example.com,EMEA,Public Sector,Payments,,,A1281,Norsk Trust Pte Ltd,0,35204.385392000004,2026-12-17,170,232.0,243.66666666666666,1.0502873563218391,6.0,2026-06-01,66.2,Low,0,U300,0
A1072,Keystone Exchange GmbH,keystoneexchange.example.com,APAC,SMB,Government,,,A1072,Keystone Exchange GmbH,0,35174.73592514,2027-05-20,324,61.0,59.666666666666664,0.9781420765027322,9.0,2026-06-01,93.9,Low,1,U301,0
A1265,Gilder Labs Pte Ltd,gilderlabs.example.com,APAC,Enterprise,Gaming,,,A1265,Gilder Labs Pte Ltd,0,33922.0,2029-03-26,1000,163.0,177.0,1.0858895705521472,2.0,2026-06-01,84.7,Low,2,U302,0
A1256,Palisade Payments Pte Ltd,palisadepayments.example.com,AMER,Enterprise,Fintech,,,A1256,Palisade Payments Pte Ltd,0,33598.26804889,2026-12-13,166,201.0,240.66666666666666,1.1973466003316748,10.0,2026-06-01,94.3,Low,2,U305,0
A1225,Fairlane Ventures Pte Ltd,fairlaneventures.example.com,LATAM,SMB,Crypto Native,,,A1225,Fairlane Ventures Pte Ltd,0,33284.6,2026-08-02,33,74.0,78.66666666666667,1.063063063063063,5.0,2026-06-01,65.4,Low,1,U300,0
A1107,Keystone Bancorp Ltd,keystonebancorp.example.com,AMER,Mid-Market,Government,,,A1107,Keystone Bancorp Ltd,0,32250.0,2028-06-20,721,330.5,406.6666666666667,1.2304589006555724,4.0,2026-06-01,99.0,Low,1,U303,0
A1224,Auriga Exchange Co,aurigaexchange.example.com,EMEA,SMB,Financial Services,,,A1224,Auriga Exchange Co,0,31345.0,2026-09-25,87,46.5,39.0,0.8387096774193549,7.0,2026-06-01,53.1,Medium,5,U300,0
A1203,Harrow Partners Co,harrowpartners.example.com,AMER,Mid-Market,Fintech,,,A1203,Harrow Partners Co,0,30884.84,2026-09-15,77,47.5,53.666666666666664,1.1298245614035087,7.0,2026-06-01,72.7,Low,2,U305,0
A1014,Quarry Holdings PLC,quarryholdings.example.com,AMER,SMB,Insurance,,,A1014,Quarry Holdings PLC,0,30846.79238139,2026-07-24,24,113.0,106.33333333333333,0.9410029498525073,6.0,2026-06-01,48.6,Medium,3,U303,0
A1005,Auriga Systems Co,aurigasystems.example.com,AMER,Mid-Market,Payments,,,A1005,Auriga Systems Co,0,30477.010000000002,2026-07-10,10,134.5,141.66666666666666,1.0532837670384139,4.0,2026-06-01,36.4,High,2,U305,0
A1349,Norsk Securities Inc,norsksecurities.example.com,AMER,SMB,Consulting,,,A1349,Norsk Securities Inc,0,30305.0,2027-02-26,241,152.0,125.0,0.8223684210526315,7.0,2026-06-01,50.5,Medium,3,U303,0
A1082,Keystone Ventures GmbH,keystoneventures.example.com,AMER,Mid-Market,Payments,,,A1082,Keystone Ventures GmbH,0,30202.36001722,2027-05-01,305,194.0,222.66666666666666,1.147766323024055,3.0,2026-06-01,21.4,High,5,U301,0
A1399,Westford Advisors Ltd,westfordadvisors.example.com,LATAM,SMB,Insurance,,,A1399,Westford Advisors Ltd,0,29895.92,2026-11-17,140,75.0,95.0,1.2666666666666666,2.0,2026-06-01,61.1,Medium,2,U305,0
A1000,Keystone Securities Pte Ltd,keystonesecurities.example.com,LATAM,,Crypto Native,,,A1000,Keystone Securities Pte Ltd,0,28851.48,2026-12-07,160,1198.5,1136.0,0.9478514810179391,5.0,2026-06-01,50.4,Medium,3,U304,0
A1272,Orbit Networks Inc,orbitnetworks.example.com,EMEA,SMB,Government,,,A1272,Orbit Networks Inc,0,28516.0,2026-07-25,25,92.0,89.66666666666667,0.9746376811594203,3.0,2026-06-01,64.5,Medium,3,U303,0
A1363,Riverbend Bancorp LLC,riverbendbancorp.example.com,LATAM,Mid-Market,Fintech,,,A1363,Riverbend Bancorp LLC,0,28387.064181399997,2027-01-01,185,225.0,264.6666666666667,1.1762962962962964,8.0,2026-05-01,19.2,High,6,U302,0
A1228,Marrow Ventures PLC,marrowventures.example.com,AMER,,Crypto Native,,,A1228,Marrow Ventures PLC,0,28242.14,2027-04-22,296,53.0,60.666666666666664,1.1446540880503144,5.0,2026-06-01,97.5,Low,2,U300,0
A1022,Orbit Trust Co,orbittrust.example.com,EMEA,SMB,Insurance,,,A1022,Orbit Trust Co,0,27590.2261661,2026-07-28,28,157.5,93.66666666666667,0.5947089947089947,6.0,2026-06-01,99.0,Low,1,U303,0
A1055,Granite Securities Ltd,granitesecurities.example.com,LATAM,Mid-Market,Government,,,A1055,Granite Securities Ltd,0,27297.265969840002,2026-07-28,28,388.0,409.6666666666667,1.0558419243986255,10.0,2026-06-01,51.6,Medium,1,U303,0
A1078,Fairlane Custody GmbH,fairlanecustody.example.com,LATAM,Mid-Market,Fintech,,,A1078,Fairlane Custody GmbH,0,27241.2,2027-02-24,239,133.0,87.0,0.6541353383458647,6.0,2026-06-01,99.0,Low,3,U300,0
A1327,Palisade Ventures LLC,palisadeventures.example.com,AMER,SMB,Government,,,A1327,Palisade Ventures LLC,0,26365.55,2027-06-13,348,113.5,103.0,0.9074889867841409,4.0,2026-06-01,41.9,High,2,U303,0
A1062,Solstice Systems Inc,solsticesystems.example.com,,Mid-Market,Insurance,,,A1062,Solstice Systems Inc,0,26058.940000000002,2026-07-29,29,161.5,228.33333333333334,1.413828689370485,9.0,2026-06-01,66.8,Low,1,U300,0
A1245,Quarry Exchange LLC,quarryexchange.example.com,EMEA,SMB,Payments,,,A1245,Quarry Exchange LLC,0,25697.47956575,2026-10-08,100,202.0,209.33333333333334,1.0363036303630364,7.0,2026-06-01,54.2,Medium,1,U303,0
A1279,Sable Ventures Co,sableventures.example.com,AMER,Mid-Market,Financial Services,,,A1279,Sable Ventures Co,0,25242.0,2027-01-02,186,78.0,59.0,0.7564102564102564,4.0,2026-06-01,36.1,High,3,U300,0
A1370,Beltway Capital GmbH,beltwaycapital.example.com,EMEA,,Insurance,,,A1370,Beltway Capital GmbH,0,25022.21,2026-07-21,21,300.0,295.3333333333333,0.9844444444444443,3.0,2026-06-01,53.8,Medium,3,U300,0
A1122,Norsk Labs GmbH,norsklabs.example.com,EMEA,SMB,Financial Services,,,A1122,Norsk Labs GmbH,0,25000.0,2026-08-15,46,65.5,89.66666666666667,1.3689567430025447,8.0,2026-06-01,82.1,Low,5,U301,0
A1244,Thorne Securities SA,thornesecurities.example.com,AMER,SMB,Insurance,,,A1244,Thorne Securities SA,0,24900.71,2026-09-26,88,78.0,76.0,0.9743589743589743,1.0,2026-06-01,78.2,Low,1,U303,0
A1407,Auriga Systems LLC,aurigasystems.example.com,AMER,Mid-Market,Payments,,,A1407,Auriga Systems LLC,0,24813.96386507,2026-07-13,13,275.0,288.3333333333333,1.0484848484848484,7.0,2026-05-01,65.4,Low,1,U301,0
A1385,Umbra Advisors Ltd,umbraadvisors.example.com,APAC,SMB,Crypto Native,,,A1385,Umbra Advisors Ltd,0,24633.760000000002,2027-01-30,214,224.0,195.0,0.8705357142857143,7.0,2026-06-01,68.4,Low,3,U305,0
A1282,Kestrel Holdings LLC,kestrelholdings.example.com,AMER,Enterprise,Consulting,,,A1282,Kestrel Holdings LLC,0,24570.0,2028-01-19,568,89.5,110.33333333333333,1.2327746741154562,2.0,2026-06-01,69.1,Low,3,U303,0
A1273,Fairlane Financial PLC,fairlanefinancial.example.com,,Mid-Market,Payments,,,A1273,Fairlane Financial PLC,0,24400.0,2026-10-13,105,264.0,299.6666666666667,1.1351010101010102,8.0,2026-06-01,59.0,Medium,1,U305,0
A1333,Ironclad Digital Co,ironcladdigital.example.com,EMEA,SMB,Gaming,,,A1333,Ironclad Digital Co,0,24230.43,2026-09-14,76,283.5,409.6666666666667,1.4450323339212228,10.0,2026-06-01,60.2,Medium,1,U301,0
A1027,Eastgate Financial SA,eastgatefinancial.example.com,APAC,,Crypto Native,,,A1027,Eastgate Financial SA,0,24162.0,2027-10-03,460,150.5,120.0,0.7973421926910299,6.0,2026-06-01,74.4,Low,2,U303,0
A1396,Thorne Advisors Pte Ltd,thorneadvisors.example.com,,SMB,Gaming,,,A1396,Thorne Advisors Pte Ltd,0,23065.4,2026-07-02,2,88.0,127.33333333333333,1.446969696969697,15.0,2026-06-01,74.5,Low,2,U300,0
A1058,Eastgate Analytics GmbH,eastgateanalytics.example.com,EMEA,SMB,Crypto Native,,,A1058,Eastgate Analytics GmbH,0,22841.59,2027-01-04,188,180.5,199.66666666666666,1.106186518928901,1.0,2026-06-01,83.6,Low,0,U305,0
A1046,Fairlane Labs SA,fairlanelabs.example.com,AMER,Mid-Market,Government,,,A1046,Fairlane Labs SA,0,22533.47,2027-06-15,350,139.5,155.33333333333334,1.1135005973715653,1.0,2026-06-01,93.8,Low,0,U305,0
A1106,Quarry Labs Co,quarrylabs.example.com,LATAM,SMB,Consulting,,,A1106,Quarry Labs Co,0,21937.5506,2027-05-06,310,44.0,37.0,0.8409090909090909,5.0,2026-06-01,84.0,Low,2,U302,0
A1392,Kestrel Group Pte Ltd,kestrelgroup.example.com,AMER,SMB,Gaming,,,A1392,Kestrel Group Pte Ltd,0,21470.1010075,2027-01-27,211,163.5,177.33333333333334,1.0846075433231397,8.0,2026-06-01,76.1,Low,4,U303,0
A1144,Auriga Exchange Inc,aurigaexchange.example.com,AMER,SMB,Gaming,,,A1144,Auriga Exchange Inc,0,20541.47,2026-12-15,168,96.0,79.66666666666667,0.8298611111111112,5.0,2026-06-01,57.3,Medium,1,U305,0
A1397,Gilder Exchange Co,gilderexchange.example.com,APAC,SMB,Gaming,,,A1397,Gilder Exchange Co,0,20409.09,2026-12-01,154,421.0,401.3333333333333,0.953285827395091,5.0,2026-06-01,81.7,Low,2,U301,0
A1064,Stanhope Capital Inc,stanhopecapital.example.com,LATAM,SMB,Gaming,,,A1064,Stanhope Capital Inc,0,20300.0,2027-06-21,356,180.0,143.33333333333334,0.7962962962962964,4.0,2026-06-01,85.9,Low,2,U304,0
A1061,Lattice Securities Inc,latticesecurities.example.com,AMER,SMB,Payments,,,A1061,Lattice Securities Inc,0,20265.54,2026-09-08,70,173.5,154.33333333333334,0.8895292987512008,4.0,2026-06-01,69.3,Low,3,U300,0
A1238,Quarry Networks PLC,quarrynetworks.example.com,AMER,SMB,Government,,,A1238,Quarry Networks PLC,0,19308.379999999997,2026-12-17,170,41.0,37.666666666666664,0.9186991869918698,5.0,2026-06-01,55.6,Medium,0,U305,0
A1249,Vantage Trust PLC,vantagetrust.example.com,AMER,Mid-Market,Payments,,,A1249,Vantage Trust PLC,0,19255.00458385,2026-10-02,94,83.0,104.66666666666667,1.2610441767068274,6.0,2026-06-01,79.3,Low,2,U305,0
A1227,Umbra Analytics Inc,umbraanalytics.example.com,AMER,Mid-Market,Crypto Native,,,A1227,Umbra Analytics Inc,0,18850.0,2026-09-05,67,179.5,168.66666666666666,0.9396471680594243,9.0,2026-06-01,78.5,Low,2,U301,0
A1253,Ironclad Securities PLC,ironcladsecurities.example.com,AMER,Mid-Market,Insurance,,,A1253,Ironclad Securities PLC,0,18678.6453,2026-12-03,156,68.5,68.33333333333333,0.997566909975669,2.0,2026-06-01,99.0,Low,3,U303,0
A1382,Fairlane Payments Co,fairlanepayments.example.com,,Mid-Market,Fintech,,,A1382,Fairlane Payments Co,0,18663.31060916,2027-10-17,474,202.5,187.66666666666666,0.9267489711934156,8.0,2026-06-01,71.0,Low,0,U301,0
A1063,Vertex Capital Co,vertexcapital.example.com,APAC,Mid-Market,Financial Services,,,A1063,Vertex Capital Co,0,18523.75940822,2026-11-02,125,304.0,267.6666666666667,0.8804824561403509,8.0,2026-06-01,41.8,High,1,U303,0
A1071,Westford Systems Pte Ltd,westfordsystems.example.com,LATAM,Public Sector,Payments,,,A1071,Westford Systems Pte Ltd,0,18291.0,2026-09-10,72,71.0,93.33333333333333,1.3145539906103285,10.0,2026-05-01,26.3,High,1,U303,0
A1016,Fairlane Ventures Co,fairlaneventures.example.com,EMEA,,Consulting,,,A1016,Fairlane Ventures Co,0,17326.667164,2026-07-01,1,420.5,294.6666666666667,0.7007530717399921,3.0,2026-06-01,90.5,Low,3,U303,0
A1200,Juniper Custody Inc,junipercustody.example.com,AMER,SMB,Gaming,,,A1200,Juniper Custody Inc,0,17049.487484960002,2026-07-18,18,52.0,54.0,1.0384615384615385,5.0,2026-06-01,95.8,Low,0,U302,0
A1026,Gilder Ventures LLC,gilderventures.example.com,EMEA,SMB,Government,,,A1026,Gilder Ventures LLC,0,16870.93,2026-08-27,58,160.5,179.33333333333334,1.1173416407061267,4.0,2026-06-01,31.2,High,0,U301,0
A1067,Quarry Custody SA,quarrycustody.example.com,LATAM,SMB,Crypto Native,,,A1067,Quarry Custody SA,0,16307.09,2027-05-01,305,178.0,247.0,1.3876404494382022,6.0,2026-05-01,58.9,Medium,0,U300,0
A1207,Keystone Capital PLC,keystonecapital.example.com,AMER,SMB,Crypto Native,,,A1207,Keystone Capital PLC,0,15597.0,2026-08-05,36,161.0,133.0,0.8260869565217391,6.0,2026-06-01,88.8,Low,2,U305,0
A1289,Stanhope Networks GmbH,stanhopenetworks.example.com,EMEA,SMB,Financial Services,,,A1289,Stanhope Networks GmbH,0,15589.980897679998,2027-04-14,288,290.0,389.6666666666667,1.3436781609195403,14.0,2026-06-01,62.9,Medium,3,U303,0
A1147,Westford Advisors LLC,westfordadvisors.example.com,AMER,SMB,Insurance,,,A1147,Westford Advisors LLC,0,15285.057987799999,2026-09-08,70,128.5,131.66666666666666,1.0246433203631646,5.0,2026-06-01,67.7,Low,3,U302,0
A1210,Tessera Trust GmbH,tesseratrust.example.com,,SMB,Insurance,,,A1210,Tessera Trust GmbH,0,15146.196361799999,2027-06-18,353,222.0,284.0,1.2792792792792793,5.0,2026-06-01,47.9,Medium,4,U302,0
A1277,Zenith Networks Pte Ltd,zenithnetworks.example.com,APAC,SMB,Government,,,A1277,Zenith Networks Pte Ltd,0,14936.27,2027-04-27,301,97.0,87.66666666666667,0.9037800687285223,9.0,2026-06-01,99.0,Low,1,U302,0
A1295,Norsk Ventures LLC,norskventures.example.com,,SMB,Insurance,,,A1295,Norsk Ventures LLC,0,14883.94,2026-10-30,122,55.5,56.333333333333336,1.015015015015015,2.0,2026-06-01,59.4,Medium,1,U305,0
A1257,Riverbend Advisors GmbH,riverbendadvisors.example.com,EMEA,Enterprise,Government,,,A1257,Riverbend Advisors GmbH,0,13552.87752,2026-07-01,1,626.5,787.0,1.2561851556264965,5.0,2026-06-01,57.0,Medium,5,U305,0
A1041,Tessera Partners Inc,tesserapartners.example.com,APAC,SMB,Gaming,,,A1041,Tessera Partners Inc,0,13422.46,2026-08-05,36,216.5,188.66666666666666,0.8714395688991532,9.0,2026-06-01,58.6,Medium,3,U303,0
A1240,Northwind Capital Pte Ltd,northwindcapital.example.com,LATAM,SMB,Payments,,,A1240,Northwind Capital Pte Ltd,0,12859.150000000001,2026-11-18,141,66.0,100.0,1.5151515151515151,5.0,2026-06-01,83.8,Low,3,U300,0
A1254,Granite Exchange LLC,graniteexchange.example.com,EMEA,SMB,Payments,,,A1254,Granite Exchange LLC,0,12849.259999999998,2026-11-07,130,314.5,308.6666666666667,0.9814520402755698,1.0,2026-05-01,72.2,Low,4,U302,0
A1140,Dovetail Exchange GmbH,dovetailexchange.example.com,EMEA,Mid-Market,Crypto Native,,,A1140,Dovetail Exchange GmbH,0,12089.102624030002,2026-09-02,64,88.0,94.0,1.0681818181818181,9.0,2026-06-01,63.5,Medium,0,U305,0
A1019,Keystone Ventures Ltd,keystoneventures.example.com,EMEA,SMB,Insurance,,,A1019,Keystone Ventures Ltd,0,11556.0,2026-10-15,107,66.5,71.66666666666667,1.0776942355889725,7.0,2026-06-01,55.9,Medium,1,U303,0
A1108,Quarry Systems Pte Ltd,quarrysystems.example.com,AMER,SMB,Financial Services,,,A1108,Quarry Systems Pte Ltd,0,11495.49,2026-09-08,70,126.0,183.33333333333334,1.4550264550264551,8.0,2026-06-01,29.7,High,0,U304,0
A1093,Thorne Bancorp LLC,thornebancorp.example.com,AMER,SMB,Financial Services,,,A1093,Thorne Bancorp LLC,0,11424.0,2026-07-03,3,52.5,50.666666666666664,0.965079365079365,10.0,2026-06-01,83.2,Low,1,U302,0
A1090,Inlet Analytics Inc,inletanalytics.example.com,APAC,SMB,Government,,,A1090,Inlet Analytics Inc,0,11243.84,2027-01-05,189,227.5,169.0,0.7428571428571429,5.0,2026-06-01,79.0,Low,0,U302,0
A1216,Ironclad Ventures Pte Ltd,ironcladventures.example.com,APAC,Enterprise,Government,,,A1216,Ironclad Ventures Pte Ltd,0,11233.250406000001,2027-03-09,252,318.5,491.3333333333333,1.5426478283621141,7.0,2026-06-01,94.0,Low,3,U304,0
A1308,Caldera Partners Ltd,calderapartners.example.com,AMER,Mid-Market,Financial Services,,,A1308,Caldera Partners Ltd,0,11211.324200000001,2026-09-13,75,2079.5,1908.6666666666667,0.917848841869039,7.0,2026-06-01,92.3,Low,1,U302,0
A1021,Pinnacle Trust SA,pinnacletrust.example.com,,SMB,Fintech,,,A1021,Pinnacle Trust SA,0,10717.44054687,2026-08-26,57,146.5,237.66666666666666,1.6222980659840727,6.0,2026-06-01,79.8,Low,2,U304,0
A1415,Marrow Advisors GmbH,marrowadvisors.example.com,LATAM,Mid-Market,Insurance,,,A1415,Marrow Advisors GmbH,0,10689.0,2027-05-21,325,516.5,522.3333333333334,1.0112939657954179,2.0,2026-06-01,89.1,Low,4,U304,0
A1043,Marrow Digital PLC,marrowdigital.example.com,APAC,SMB,Payments,,,A1043,Marrow Digital PLC,0,10139.895,2026-09-16,78,676.0,622.0,0.9201183431952663,10.0,2026-05-01,96.2,Low,1,U300,0
A1226,Dovetail Advisors Pte Ltd,dovetailadvisors.example.com,LATAM,Mid-Market,Insurance,,,A1226,Dovetail Advisors Pte Ltd,0,10026.97604589,2026-08-17,48,164.5,187.33333333333334,1.1388044579533942,8.0,2026-06-01,60.4,Medium,1,U304,0
A1097,Redmond Networks PLC,redmondnetworks.example.com,AMER,SMB,Consulting,,,A1097,Redmond Networks PLC,0,9925.46,2026-11-12,135,120.5,171.33333333333334,1.421853388658368,10.0,2026-06-01,26.9,High,1,U300,0
A1017,Orbit Group LLC,orbitgroup.example.com,APAC,SMB,Gaming,,,A1017,Orbit Group LLC,0,9689.233,2026-12-11,164,108.5,104.33333333333333,0.9615975422427034,8.0,2026-06-01,60.0,Medium,5,U304,0
A1157,Umbra Payments LLC,umbrapayments.example.com,AMER,SMB,Payments,,,A1157,Umbra Payments LLC,0,9648.79735205,2027-06-11,346,97.5,92.33333333333333,0.947008547008547,2.0,2026-06-01,71.2,Low,1,U302,0
A1113,Riverbend Trust LLC,riverbendtrust.example.com,EMEA,Mid-Market,Financial Services,,,A1113,Riverbend Trust LLC,0,9465.42787806,2027-02-15,230,217.0,234.0,1.0783410138248848,1.0,2026-06-01,49.2,Medium,3,U305,0
A1180,Sable Ventures PLC,sableventures.example.com,AMER,Mid-Market,Fintech,,,A1180,Sable Ventures PLC,0,9463.902,2028-04-22,662,221.0,206.33333333333334,0.9336349924585219,7.0,2026-06-01,64.5,Medium,2,U301,0
A1175,Orbit Advisors GmbH,orbitadvisors.example.com,EMEA,SMB,Fintech,,,A1175,Orbit Advisors GmbH,0,9274.17,2027-04-26,300,105.5,129.66666666666666,1.2290679304897314,7.0,2026-06-01,48.6,Medium,1,U302,0
A1104,Quarry Partners Pte Ltd,quarrypartners.example.com,EMEA,SMB,Crypto Native,,,A1104,Quarry Partners Pte Ltd,0,9192.439999999999,2026-08-14,45,45.5,48.666666666666664,1.0695970695970696,7.0,2026-06-01,52.7,Medium,4,U302,0
A1141,Keystone Financial Pte Ltd,keystonefinancial.example.com,AMER,Mid-Market,Gaming,,,A1141,Keystone Financial Pte Ltd,0,9080.7589,2027-03-21,264,384.0,374.6666666666667,0.9756944444444445,6.0,2026-06-01,96.5,Low,1,U304,0
A1403,Halcyon Trust Inc,halcyontrust.example.com,APAC,Mid-Market,Crypto Native,,,A1403,Halcyon Trust Inc,0,9072.0,2027-06-16,351,196.5,141.0,0.7175572519083969,4.0,2026-06-01,8.2,High,3,U301,0
A1158,Auriga Labs Ltd,aurigalabs.example.com,AMER,SMB,Consulting,,,A1158,Auriga Labs Ltd,0,8442.0,2027-02-12,227,267.0,237.66666666666666,0.8901373283395755,12.0,2026-05-01,82.3,Low,0,U304,0
A1048,Umbra Labs LLC,umbralabs.example.com,AMER,Mid-Market,Insurance,,,A1048,Umbra Labs LLC,0,8276.29,2027-05-01,305,238.5,257.3333333333333,1.0789657582110412,7.0,2026-06-01,32.2,High,2,U301,0
A1381,Dovetail Partners LLC,dovetailpartners.example.com,APAC,SMB,Payments,,,A1381,Dovetail Partners LLC,0,8009.514327049999,2026-12-22,175,194.0,207.33333333333334,1.0687285223367697,8.0,2026-05-01,60.6,Medium,2,U300,0
A1133,Sable Labs Inc,sablelabs.example.com,LATAM,Mid-Market,Financial Services,,,A1133,Sable Labs Inc,0,7821.70650724,2027-06-23,358,164.0,159.0,0.9695121951219512,6.0,2026-06-01,51.3,Medium,3,U301,0
A1419,Vertex Labs PLC,vertexlabs.example.com,LATAM,SMB,Consulting,,,A1419,Vertex Labs PLC,0,7800.481526130001,2026-07-08,8,329.0,340.3333333333333,1.0344478216818642,5.0,2026-06-01,26.5,High,0,U301,0
A1339,Northwind Payments LLC,northwindpayments.example.com,AMER,SMB,Consulting,,,A1339,Northwind Payments LLC,0,7677.308275559999,2027-01-11,195,131.0,189.0,1.4427480916030535,7.0,2026-06-01,42.6,High,1,U304,0
A1193,Granite Labs Ltd,granitelabs.example.com,EMEA,SMB,Crypto Native,,,A1193,Granite Labs Ltd,0,7588.3289350000005,2026-11-02,125,121.5,208.33333333333334,1.7146776406035666,1.0,2026-06-01,94.8,Low,2,U303,0
A1418,Redmond Custody GmbH,redmondcustody.example.com,APAC,Mid-Market,Gaming,,,A1418,Redmond Custody GmbH,0,7375.75873293,2026-09-10,72,299.0,294.0,0.9832775919732442,8.0,2026-06-01,29.8,High,1,U302,0
A1012,Harrow Group Pte Ltd,harrowgroup.example.com,,SMB,Insurance,,,A1012,Harrow Group Pte Ltd,0,6775.200000000001,2026-12-14,167,70.5,71.0,1.0070921985815602,8.0,2026-06-01,93.6,Low,2,U300,0
A1217,Stanhope Digital PLC,stanhopedigital.example.com,LATAM,SMB,Payments,,,A1217,Stanhope Digital PLC,0,6608.54,2026-10-02,94,486.5,541.3333333333334,1.1127098321342928,4.0,2026-06-01,86.2,Low,2,U301,0
A1070,Ardent Partners LLC,ardentpartners.example.com,LATAM,Mid-Market,Financial Services,,,A1070,Ardent Partners LLC,0,6482.0,2028-05-09,679,84.0,79.0,0.9404761904761905,10.0,2026-06-01,69.2,Low,1,U303,0
A1365,Vertex Capital Inc,vertexcapital.example.com,APAC,SMB,Fintech,,,A1365,Vertex Capital Inc,0,5426.515584,2026-09-19,81,185.0,133.66666666666666,0.7225225225225225,12.0,2026-06-01,86.7,Low,1,U302,0
A1354,Eastgate Analytics Ltd,eastgateanalytics.example.com,EMEA,SMB,Gaming,,,A1354,Eastgate Analytics Ltd,0,5235.147162,2027-05-21,325,92.0,78.66666666666667,0.855072463768116,5.0,2026-05-01,5.0,High,0,U301,0
A1401,Eastgate Partners Inc,eastgatepartners.example.com,EMEA,SMB,Payments,,,A1401,Eastgate Partners Inc,0,5170.112497380001,2027-04-14,288,473.5,701.3333333333334,1.4811686026047168,10.0,2026-05-01,67.0,Low,2,U302,0
A1322,Orbit Labs Inc,orbitlabs.example.com,AMER,Mid-Market,Insurance,,,A1322,Orbit Labs Inc,0,4666.4400000000005,2027-04-13,287,183.5,178.0,0.9700272479564033,8.0,2026-05-01,63.7,Medium,2,U302,0
A1411,Harrow Exchange LLC,harrowexchange.example.com,LATAM,SMB,Crypto Native,,,A1411,Harrow Exchange LLC,0,4620.0,2026-10-21,113,54.0,53.0,0.9814814814814815,6.0,2026-06-01,72.6,Low,2,U301,0
A1331,Sable Capital Co,sablecapital.example.com,AMER,SMB,Government,,,A1331,Sable Capital Co,0,4535.001324,2026-10-10,102,132.0,151.0,1.143939393939394,1.0,2026-06-01,96.0,Low,1,U301,0
A1283,Caldera Securities PLC,calderasecurities.example.com,APAC,SMB,Gaming,,,A1283,Caldera Securities PLC,0,4242.0,2026-09-19,81,68.5,59.0,0.8613138686131386,1.0,2026-06-01,35.2,High,3,U301,0
A1164,Lumen Securities GmbH,lumensecurities.example.com,APAC,Mid-Market,Fintech,,,A1164,Lumen Securities GmbH,0,4230.05,2027-06-04,339,155.5,198.66666666666666,1.277599142550911,7.0,2026-06-01,73.5,Low,1,U305,0
A1278,Thorne Systems Pte Ltd,thornesystems.example.com,APAC,Mid-Market,Crypto Native,,,A1278,Thorne Systems Pte Ltd,0,3988.683552,2027-11-22,510,76.5,79.66666666666667,1.0413943355119826,1.0,2026-05-01,40.9,High,1,U304,0
A1053,Lumen Labs Pte Ltd,lumenlabs.example.com,EMEA,SMB,Financial Services,,,A1053,Lumen Labs Pte Ltd,0,3851.07,2027-06-21,356,77.5,89.66666666666667,1.156989247311828,12.0,2026-06-01,74.0,Low,1,U300,0
A1089,Vertex Digital Co,vertexdigital.example.com,LATAM,SMB,Government,,,A1089,Vertex Digital Co,0,3847.4989293400004,2027-05-04,308,88.0,102.0,1.1590909090909092,5.0,2026-06-01,61.7,Medium,3,U305,0
A1235,Bluewater Systems LLC,bluewatersystems.example.com,LATAM,SMB,Fintech,,,A1235,Bluewater Systems LLC,0,2668.3779,2026-11-30,153,159.5,190.33333333333334,1.1933124346917452,5.0,2026-06-01,53.2,Medium,2,U303,0
A1258,Eastgate Financial Co,eastgatefinancial.example.com,APAC,SMB,Government,,,A1258,Eastgate Financial Co,0,2520.0,2027-09-19,446,200.5,198.0,0.9875311720698254,6.0,2026-06-01,56.6,Medium,2,U300,0
A1211,Norsk Financial LLC,norskfinancial.example.com,EMEA,SMB,Gaming,,,A1211,Norsk Financial LLC,0,2245.67581299,2027-01-14,198,159.5,170.66666666666666,1.070010449320794,8.0,2026-04-01,43.4,High,3,U301,0
A1291,Ironclad Financial Pte Ltd,ironcladfinancial.example.com,LATAM,SMB,Crypto Native,,,A1291,Ironclad Financial Pte Ltd,0,863.0,2027-01-22,206,58.0,79.0,1.3620689655172413,5.0,2026-06-01,78.6,Low,0,U302,0
